sample_index,publication_id,reference_id,reference_order,isbn_candidates,isbn_status,matched_isbn,opencitations_id,opencitations_title,opencitations_type,opencitations_pub_date,opencitations_venue,opencitations_publisher,title_similarity,title_coverage,context
127,1258017,20526986,19,1423904346,no_match,,,,,,,,,,"Elmas, R., ve Geban, Ö. (2012). Web 2.0 tools for 21st century teachers. International Online Journal of Educational Sciences, 4(1), 243-254. https://www.ajindex.com/dosyalar/makale/acarindex-1423904346.pdf"
1507,1245316,19883341,3,9789759394387,no_match,,,,,,,,,,"Boydak, M. Ve Çalışkan S. 2014. Ağaçlandırma. Tohum, Ağaç Islahı, Fidanlık, Doğaya Yakın Ormancılık, Alan Hazırlığı, Ekim, Dikim, Yarı Kurak Alanlar, Endüstriyel Ağaçlandırmalar, Karstik Alanlar ve Özel Nitelikli Ağaçlandırmalar. OGEM-Vak. Yayınları, ISBN:978-975-93943-8-7, Ankara"
4526,1278739,21338377,30,9085730538;929081330X,no_match,,,,,,,,,,"Worm j, Van Hattum T (2006) Rainwater Harvesting for domestic use. Agrodok 43. Agromisa Foundation and CTA. Wageningen. The Netherlands. 82. ISBN Agromisa:90-8573-053-8, ISBN CTA: 92-9081-330-X."
4967,1268743,20877217,13,9780917678141;0917678141,no_match,,,,,,,,,,"Labuza, T.P. (1982). Shelf-life dating of foods: Food & Nutrition Press, Inc. ISBN: 9780917678141, 0917678141."
6094,1183896,17535510,34,0849356679,no_match,,,,,,,,,,"Yousef MK. Stress Physiology in Livestock. 1st Ed., CRC Press, Boca Raton, FL, ISBN: 0849356679, 1985."
7202,1387490,26014492,57,9786256885318,no_match,,,,,,,,,,"Kuş, Ö. A. (2023). Oyun, dijital oyun, bağımlılık ve motivasyon kavramları arasındaki ilişkiler. Urzeni. İstanbul. ISBN 978-625-6885-31-8."
7970,1331900,23899135,19,2025032811,no_match,,,,,,,,,,"Dijital Dönüşüm Ofisi, Finans Ofisi, İnsan Kaynakları Ofisi ve Yatırım ibareleri hakkında Cumhurbaşkanlığı Kararnamesi (2025). (Resmî Gazete Sayı No: 32855, Kararname No: 183). Retrieved from https://www.resmigazete.gov.tr/eskiler/2025/03/20250328-11.pdf Erişim T. 25 Mayıs 2025."
9007,1338306,24953268,3,9789241549059,no_match,,,,,,,,,,"[3] Hepatitis B (who.int). https://www.who.int/publications/i/item/9789241549059 (accessed on march 01,2015)."
9640,1262095,21662758,36,9786057004406,no_match,,,,,,,,,,"RISO, D. R. & HUDSON, R. (2020). Enneagram Bilgeliği, Çeviren: Sedat Yüksel, Lena psikolojik yayınları, Uluslararası seri no: 978-605-7004-40-6."
