sample_index,publication_id,reference_id,reference_order,pubmed_status,pmid,pubmed_doi,pubmed_title,pubmed_journal,pubmed_year,title_coverage,title_similarity,year_match,bdata,context
103,1263119,20632708,10,possible,25616819,10.1016/j.jcin.2014.07.022,Predictors and clinical outcomes of permanent pacemaker implantation after transcatheter aortic valve replacement: the PARTNER (Placement of AoRtic TraNscathetER Valves) trial and registry.,JACC. Cardiovascular interventions,2015,1.0,1.0,False,JACC Cardiovasc Interv|2015|8|60|TM||,"10. Nazif TM, Dizon JM, Hahn RT, et al. Predictors and clinical outcomes of permanent pacemaker implantation after transcatheter aortic valve replacement: the PARTNER (Placement of AoRtic TraNscathetER Valves) trial and registry. JACC Cardiovasc Interv 2015;8(1 Pt A):60-9."
148,1176987,16735765,31,no_match,,,,,,0.0,0.0,False,J Nurs Sci|2012|4|23|S||,"31. Ergöl S, Eroglu K, Taskın L. Approach to the Woman in Labor: Oral nutrition. J Nurs Sci. 2012; 4(1): 23-9. 32. Rathfish G. Labor. In: Beji NK, editor. Woman’s Health and Diseases. 1st ed. İstanbul: Nobel Medicine Bookstore; 2015: 312-4."
420,1278349,21317526,48,possible,19726326,,[Effect of Ginkgo biloba Pingchan Recipe on neuronal nitric oxide synthase mRNA expression in the brain of mouse models of Parkinson disease].,Nan fang yi ke da xue xue bao = Journal of Southern Medical University,2009,1.0,1.0,False,Nan Fang Yi Ke Da Xue Xue Bao|2009|29|1735|J||,"47. Zhang J, Sun HM, Bai LM, Xu H, Wu HX, Cui L. [Effect of Ginkgo biloba Pingchan Recipe on neuronal nitric oxide synthase mRNa expression in the brain of mouse models of Parkinson disease]. Nan Fang Yi Ke Da Xue Xue Bao. 2009;29(8):1735-40. [PubMed]"
722,1354587,24787496,9,no_match,,,,,,0.0,0.0,False,*Hacettepe Sağlık İdaresi Dergisi*|2010|13|115|İşler||,"(9) Büyüker İşler, D., & Özdemir, Ş. (2010). Hastane işletmelerinde içsel pazarlama yaklaşımının iş tatmini ve örgütsel bağlılık üzerine etkisi: Isparta ili örneği. *Hacettepe Sağlık İdaresi Dergisi*, 13(2), 115-142."
989,1378079,25706245,3,no_match,,,,,,0.0,0.0,False,2017 Nov|2015|16|877|GBD||,"3.GBD 2015 Neurological Disorders Collaborator Group. Global, regional, and national burden of neurological disorders during 1990-2015: a systematic analysis for the Global Burden of Disease Study 2015. Lancet Neurol. 2017 Nov;16(11):877-897. [Crossref]"
1633,1336609,24085890,73,no_match,,,,,,0.0,0.0,False,Int J Psychol Psychol Ther|2010|10|125|Ruiz||,"Ruiz, F. J. (2010). A review of Acceptance and Commitment Therapy (ACT) empirical evidence: Correlational, experimental psychopathology, component, and outcome studies. Int J Psychol Psychol Ther, 10(1), 125–162."
1658,1246572,20297786,13,possible,33550351,10.19723/j.issn.1671-167x.2021.01.024,[Hypoxia and inflammation are risk factors for acute myocardial injury in patients with coronavirus disease 2019].,Beijing da xue xue bao. Yi xue ban = Journal of Peking University. Health sciences,2020,1.0,1.0,False,Beijing Da Xue Xue Bao Yi Xue Ban|2020|53|159|LC||,"13. Yang LC, Zhang RT, Guo LJ, Xiao H, Zu LY, Zhang YY, et al. Hypoxia and inflammation are risk factors for acute myocardial injury in patients with coronavirus disease 2019. Beijing Da Xue Xue Bao Yi Xue Ban. 2020;53(1):159-66. Chinese."
1848,1331202,23862737,18,possible,23638278,,Statistics corner: A guide to appropriate use of correlation coefficient in medical research.,Malawi medical journal : the journal of Medical Association of Malawi,2012,1.0,1.0,False,Malawi Med J|2012|24|69|MM||,18. Mukaka MM. Statistics corner: A guide to appropriate use of correlation coefficient in medical research. Malawi Med J. 2012;24(3):69-71.
2350,1276318,21227674,12,possible,24575290,,Evaluation the dentists' awareness of inherited bleeding disorders and anticoagulants in Shiraz.,Iranian journal of pediatric hematology and oncology,2013,1.0,1.0,False,Iran J Ped Hematol Oncol|2013|3|159|R||,"12. Robati R, Farokhi M. Evaluation the dentists' awareness of inherited bleeding disorders and anticoagulants in Shiraz. Iran J Ped Hematol Oncol 2013; 3(4):159–63."
2738,1235150,19495118,17,possible,33928619,10.26355/eurrev_202104_25743,A multicenter clinical study with myo-inositol and alpha-lactalbumin in Mexican and Italian PCOS patients.,European review for medical and pharmacological sciences,2021,1.0,1.0,False,Eur Rev Med Pharmacol Sci|2021|25|3316|MI||,"17. Hernandez MI, Picconi O, Laganà AS, Costabile L, Unfer V. A multicenter clinical study with myo-inositol and alpha-lactalbumin in Mexican and Italian PCOS patients. Eur Rev Med Pharmacol Sci. 2021;25(8):3316-24."
2840,1359754,25273541,15,possible,25734050,,Effects of platelet-rich plasma on cartilage grafts in rabbits as an animal model.,World journal of plastic surgery,2012,1.0,1.0,False,World J Plast Surg|2012|1|91|A||,"15. Manafi A, Kaviani Far K, Moradi M, Manafi A, Manafi F. Effects of platelet-rich plasma on cartilage grafts in rabbits as an animal model. World J Plast Surg. 2012;1(2):91-8."
2909,1284975,21711825,15,possible,835091,,Mesenteric panniculitis: review of the leterature and presentation of cases.,Surgery,1977,1.0,1.0,False,Surgery|1977|81|203|AL||,"15. Durst AL, Freund H, Rosenmann E, Birnbaum D. Mesenteric panniculitis: review of the leterature and presentation of cases. Surgery. 1977;81(2):203-11."
3030,1229738,19486442,5,no_match,,,,,,0.0,0.0,False,İnönü Üni Sağlık Hizmetleri MYO Dergisi|2017|5|44|A||,"5. Aydoğdu A, Aydoğdu Y, Yakıncı ZD. Temel radyolojik inceleme yöntemlerini tanıma. İnönü Üni Sağlık Hizmetleri MYO Dergisi 2017;5(2):44-53."
3594,1375142,26090205,36,no_match,,,,,,0.0,0.0,False,Clinical Experimental Medicine Letters|2010|51|1|B||,"[36] Banasiak B, Smolewska E, Zygmunt A, Lipińska J, Biernacka- Zielińska M, Stańczyk J. Coping with anxiety and pain by adolescents with juvenile idiopathic arthritis. Clinical Experimental Medicine Letters. 2010;51(1):1–5."
3671,1272701,21057223,22,no_match,,,,,,0.0,0.0,False,Ann Biol Res|2011|2|652|N||,"22. Mansoub N. Performance, carcass quality, blood parameters and immune system of broilers fed diets supplemented with oregano oil (Origanum sp.). Ann Biol Res. 2011;2(6):652-656."
3937,1353921,24761291,27,no_match,,,,,,0.0,0.0,False,The Journal of Eurasia Sport Sciences and Medicine|2021|3|24|S||,"Pancar S, Topçu H, Arabacı R, Vardar T. The effect of TRX suspension training on physical capacity of young sedentaries. The Journal of Eurasia Sport Sciences and Medicine. 2021;3(1):24-32. [Link]"
4204,1339490,24904540,42,no_match,,,,,,0.0,0.0,False,European Journal of Science and Technology|2024|54|32|Hızlısoy||,"[42] Hızlısoy, S., Arslan, R. S., Çökük, G. Ö., Daşbaşı, B. 2024. ANN Analysis and ODE Model of Selected Factors Affecting Mental Health Problems of Children in Turkey. European Journal of Science and Technology, 54, 32-45."
4221,1274615,21392708,67,no_match,,,,,,0.0,0.0,False,International Journal of Health Science sand Research|2018|8|192|Vinayak||,"Vinayak, S., & Judge, J. (2018). Resilienceandempathy as predictors of psychological well being among adolescents. International Journal of Health Science sand Research, 8(4), 192-200."
5058,1220921,19238666,10,no_match,,,,,,0.0,0.0,False,Eurasian J Heal Sci|2020|3|134|B||,"10.Yücesan B, Özkan Ö. Evaluation of the COVID-19 pandemic process in terms of health management. Eurasian J Heal Sci. 2020;3(COVID-19 Special Issue):134–9."
5156,1296942,22221229,13,no_match,,,,,,0.0,0.0,False,Journal of Environmental Psychology|2020|63|134|Evans||,"Evans, G. W., Wells, N. M., & Moch, A. (2020). Building Green: Biophilic Design and Health. Journal of Environmental Psychology, 63, 134-143."
5218,1260775,20542357,33,no_match,,,,,,0.0,0.0,False,Hacettepe University Faculty of Health Sciences Journal|2017|4|28|Kırman||,"Kırman, A., & Doğan, Ö. (2017). Anne-baba çocuk ilişkileri: Bir meta-sentez çalışması. Hacettepe University Faculty of Health Sciences Journal, 4(1), 28-49."
5630,1203642,18035037,5,no_match,,,,,,0.0,0.0,False,"İstanbul: İstanbul Üniversitesi Tıp Fakültesi Yayınları, İstanbul|1981|1981|131|A||","5. Terzioğlu A. Türkiye‘de Görev Yapmış Olan Alman Asıllı Tıp ve Deneysel Bilim Dallarındaki Profesörlerin Biyografileri. Arslan Terzioğlu (ed.). Türk-Alman Tıbbî İlişkileri Simpozyum Bildirileri. İstanbul: İstanbul Üniversitesi Tıp Fakültesi Yayınları, İstanbul, 1981:131-216."
5711,1196096,17736907,55,no_match,,,,,,0.0,0.0,False,2011|2011|2011|2|Topare||,"55. Topare, NS.; Renge, VC.; Khedkar, SV.; Chavan, YP.; Bhagat, SL. Int J Chem Environ Pharm Res. 2011, 2, 116-20."
5875,1372632,25527201,36,possible,2295065,,Role of transforming growth factor beta 1 in induction of colon carcinoma differentiation by hexamethylene bisacetamide.,Cancer research,1990,0.9091,0.3821,False,Cancer Research|1990|50|261|Schroy||,"Schroy, P., Rifkin, J., Coffey, R. J., Winawer, S., & Friedman, E. (1990). Role of transforming growth factor β1 in induction of colon carcinoma differentiation by hexamethylene bisacetamide. Cancer Research, 50(2), 261-265. https://aacrjournals.org/cancerres/article/50/2/261/495798/Role-of-Transforming-Growth-Factor-1-in-Induction"
6245,1359250,25003340,17,possible,26816749,10.3978/j.issn.2223-4683.2014.01.06,Medical treatment of male infertility.,Translational andrology and urology,2014,1.0,1.0,False,Transl Androl Urol|2014|3|9|AA||,"Dabaja AA, Schlegel PN. Medical treatment of male infertility. Transl Androl Urol. 2014;3:9-16."
6290,1338798,24976226,13,no_match,,,,,,0.0,0.0,False,Int J Pharm Biol Arch|2011|2|1062|PD||,"[13] Riddhi PD, Patel PM, Patel NM. A review on radiopharmaceuti cals and radiochemical method in analysis. Int J Pharm Biol Arch. 2011; 2(4): 1062-1067."
6385,1256585,20364671,30,no_match,,,,,,0.0,0.0,False,International Anatolia Academic Online Journal Health Sciences|2021|7|79|B||,"30. Alaşar B, Çevik K. The Effect of Different Techniques Used in Intramuscular Injection on Pain and Drug Leakage. International Anatolia Academic Online Journal Health Sciences 2021;7:79-92."
6658,1316149,23150813,16,no_match,,,,,,0.0,0.0,False,2011|2011|40|48|DN||,"16. Gilbert DN, Robert C, Moellering JMD, Eliopoulos GM, Sande MA. The Sanford guide to antimicrobial ther-apy: Antimicrobial therapy. 2011;40:48-51."
6697,1262766,20623122,15,possible,19423851,10.1161/strokeaha.109.192361,Recommendations for the implementation of telemedicine within stroke systems of care: a policy statement from the American Heart Association.,Stroke,2009,0.9167,0.3489,False,Stroke|2009|40|2635|LH||,"15. Schwamm LH, Audebert HJ, Amarenco P, Chumbler NR, Frankel MR, George MG, et al; American Heart Association Stroke Council; Council on Epidemi- ology and Prevention; Interdisciplinary Council on Peripheral Vascular Disease; Council on Cardiovascular Radiology and Intervention. Recom- mendations for the implementation of telemedicine within stroke systems of care: a policy statement from the American Heart Association. Stroke. 2009;40(7):2635-60. [PubMed]"
6712,1364620,25219491,35,no_match,,,,,,0.0,0.0,False,Klinik Psikiyatri|2009|12|125|Yalçın||,"Yalçın, M., Eşsizoğlu, A., Akkoç, H., Yaşan, A., & Gürgen, F. (2009). Dicle Üniversitesi öğrencilerinde madde kullanımını belirleyen risk faktörleri. Klinik Psikiyatri, 12, 125–133."
6819,1221427,18828176,3,no_match,,,,,,0.0,0.0,False,Hacettepe Sağlık İdaresi Dergisi|2014|17|45|Yalçın||,"Balçık Yalçın, P., Demir Bilgin, İ., & Ürek, D. (2014). Ankara’da seçilen bazı hastanelerde afet yönetimine ilişkin mevcut durum değerlendirilmesi. Hacettepe Sağlık İdaresi Dergisi, 17(1), 45–58."
7117,1250332,20098329,6,no_match,,,,,,0.0,0.0,False,Beslenme ve Diyet Dergisi|2009|37|93|Büyüktuncer||,"Büyüktuncer, Z. & Yücecan, S. (2009). Türk mutfağının beslenme ve sağlık açısından değerlendirilmesi. Beslenme ve Diyet Dergisi, 37(1-2), 93-100."
7242,1342946,25055129,27,possible,29440806,10.4103/ijpc.ijpc_114_17,Prevalence and Intensity of Dyspnea in Advanced Cancer and its Impact on Quality of Life.,Indian journal of palliative care,2018,1.0,1.0,False,Indian J Palliat Care|2018|24|44|A||,"27. Damani A, Ghoshal A, Salins N, Deodhar J, Muckaden M. Prevalence and intensity of dyspnea in advanced cancer and its impact on quality of life. Indian J Palliat Care. 2018;24(1):44-50."
7247,1267314,20795765,29,possible,24829735,,Hepatic Artery and Portal Vein Doppler Indexes in Non-alcoholic Fatty Liver Disease Before and After Treatment to Prevent Unnecessary Health Care Costs.,International journal of preventive medicine,2014,1.0,1.0,False,Int J Prev Med|2014|5|472|MK||,"30. Tarzamni MK, Khoshbaten M, Sadrarhami S, et al. Hepatic artery and portal vein Doppler indexes in non-alcoholic fatty liver disease before and after treatment to prevent unnecessary health care costs. Int J Prev Med. 2014;5(4):472-477."
7360,1263262,20637398,98,no_match,,,,,,0.0,0.0,False,TJVR|2018|2|1|İ||,"98. Bastan İ, Bas B. Clinical and some laboratory findings in cats with Toxoplasmosis. TJVR 2018; 2: 1-4."
7458,1275382,21186841,8,no_match,,,,,,0.0,0.0,False,AHIP Cover|2005|12|1|F||,"8. Alan F. Westin (2005). “Public Attitudes Toward Electronic Health Records”. AHIP Cover, 12 (2), 1–7."
7743,1362300,25115853,13,no_match,,,,,,0.0,0.0,False,Thai J Obstet Gynaecol|2024|32|156|R||,"13. Phummanee R, Limruangrong P, Phahuwattanakorn W. The influence of types of gestational diabetes mellitus, self-management, social support, and risk perception on health-related quality of life in pregnant women with gestational diabetes mellitus. Thai J Obstet Gynaecol. 2024; 32(2): 156-64."
8100,1218161,19068734,44,no_match,,,,,,0.0,0.0,False,J Child Health Dis|2010|53|189|T||,"44.Ince T, Kondolot M, Yalçın SS, Yurdakök K. Breastfeeding consultation status of mothers. J Child Health Dis 2010;53:189-97."
8289,1261851,20586520,3,no_match,,,,,,0.0,0.0,False,Scholars Journal of Dental Sciences|2017|4|89|KV||,"3. Saikiran KV, Kamatham R, Saha A, et al. Homeopathy in Pediatric dentistry – A review Homeopathy in Pediatric dentistry – A review. Scholars Journal of Dental Sciences. 2017;4:89-92."
8504,1305625,22594665,32,no_match,,,,,,0.0,0.0,False,Int J Clin Exp Med|2017|10|3568|J||,"32. Lu J, Lv Y, Dai E, Liu Y, Gao H, Tsuji NM, et al. Profile and clinical relevance of autoantibodies in patients with chronic hepatitis B infection. Int J Clin Exp Med 2017;10:3568-74."
8700,1334596,24004626,9,no_match,,,,,,0.0,0.0,False,Uluslararası Yönetim Bilişim Sistemleri ve Bilgisayar Bilimleri Dergisi|2017|1|22|Bıkmaz||,"Bıkmaz, Z. (2017). Sağlık yönetimi bölümü öğrencilerinin mobil güvenlik farkındalığı ve dijital veri güvenliği farkındalıklarının belirlenmesi. Uluslararası Yönetim Bilişim Sistemleri ve Bilgisayar Bilimleri Dergisi, 1(1), 22-30. Retrieved from https://dergipark.org.tr/en/download/article-file/403970"
8718,1339113,24163472,8,no_match,,,,,,0.0,0.0,False,Res Rev J Med Health Sci|2017|6|1|M||,"Mujahid M, Ghani F. Cancer is a disorder or a survival mechanism: A review article. Res Rev J Med Health Sci 2017;6(2):1–7."
8726,1352751,24714261,22,possible,11053270,,Androgen influence on the meibomian gland.,Investigative ophthalmology & visual science,2000,1.0,1.0,False,Invest Ophthalmol Vis Sci|2000|41|3732|DA||,"Sullivan DA, Sullivan BD, Ullman MD, Rocha EM, Krenzer KL, Cermak JM, et al. Androgen influence on the meibomian gland. Invest Ophthalmol Vis Sci. 2000;41(12):3732-42. [PubMed]"
8730,1278960,21478475,32,no_match,,,,,,0.0,0.0,False,International Journal of Humanities and Social Science Invention|2017|6|10|Sü||,"Sü, S. (2017) Nursing students’ opinions regarding the nursing process. International Journal of Humanities and Social Science Invention, 6(5), 10-14. https://www.semanticscholar.org/feed/create."
8964,1369835,25904618,6,no_match,,,,,,0.0,0.0,False,? A Conceptual Review|2011|2011|5|K||,"6. Lee K, Smith R. What is' Global Health Diplomacy'? A Conceptual Review. Glob Health Gov. 2011;5.1-12."
9089,1241831,19748135,2,no_match,,,,,,0.0,0.0,False,"Formosa J Ment Health, 28: 3|2015|28|3|Chiang||","Chiang, C., Yang, S., & Hsu, W. (2015). Development and validation of the e-health literacy scale and investigation of the relationships between e-health literacy and healthy behavior among undergraduate students in Taiwan. Formosa J Ment Health, 28: 3, 389–420."
9099,1227776,19439048,10,no_match,,,,,,0.0,0.0,False,Hacettepe Journal of Health Administration|2009|11|201|Bilgili||,"Bilgili, E., & Ecevit, E. (2009). Problems related to asymmetric information in the health services market and proposed solutions. Hacettepe Journal of Health Administration, 11(2), 201-228."
9111,1332489,24688982,8,no_match,,,,,,0.0,0.0,False,Afr J Bus Manage|2011|5|4873|C-C||,"8. Wu C-C. The impact of hospital brand image on service quality, patient satisfaction and loyalty. Afr J Bus Manage. 2011;5:4873-82."
9724,1249569,20869935,16,no_match,,,,,,0.0,0.0,False,Selçuk Tıp Derg|2015|31|73|İ||,"16.Yılmaz İ, Güvenç O, Yılmaz FH, Çimen D, Arslan D, Oran B. Akut romatizmal ateş tanısı konulan hastaların klinik özellikleri ve ekokardiyografik bulguları. Selçuk Tıp Derg. 2015;31(2):73-76."
9760,1199498,17848704,35,possible,8543457,,Treating the love-sick patient.,The Israel journal of psychiatry and related sciences,1995,1.0,1.0,False,The Israel Journal of Psychiatry and Related Sciences|1995|32|167|Moss||,"Moss, E. (1995). Treating the love-sick patient. The Israel Journal of Psychiatry and Related Sciences, 32(3), 167-173."
