sample_index,publication_id,reference_id,stq_doi,pipeline_doi
86,1208772,18295773,10.1002/art.39480,10.21608/ejrci.2015.4481
171,1300315,22381783,10.21605/cukurovaumfd.1230955,10.1109/dasa54658.2022.9765024
189,1264243,23208687,10.1002/etc.5620190926,10.1897/1551-5028(2000)019<2341:pottom>2.3.co;2
494,1198664,17845118,10.70249/9798893981445,10.2307/1005721
699,1213000,18787165,10.2139/ssrn.966320,10.2139/ssrn.1102265
759,1377120,25681613,10.4135/9781412985437,10.4135/9781412985437.n4
771,1332521,24698537,10.1007/978-3-030-80519-7,10.3926/oss.37
809,1209559,18340180,10.1007/978-3-663-10626-5_23,10.1177/026327640201900101
914,1319239,24103514,10.5465/amr.1995.9508080329,10.2307/258786
923,1336552,24550827,10.1093/acprof:osobl/9780199562336.003.0017,10.2307/631643
965,1220497,18785572,10.1080/03004430.2012.673488,10.1080/00131881.2011.625153
1049,1305653,23710921,10.14527/9786052410196.05,10.14527/9786052410196
1098,1253831,20246259,10.1016/j.jcin.2016.04.031,10.1371/journal.pone.0103850
1143,1352504,24706172,10.1109/igarss.2012.6351959,10.5194/isprsarchives-xxxix-b1-197-2012
1206,1268600,20854558,10.1061/ajrua6.0000825,10.1061/ajrua6.0000809
1221,1214007,19089721,10.1007/s10661-023-11321-7,10.21203/rs.3.rs-2537230/v1
1358,1325218,24354018,10.1056/nejmoa1011418,10.1016/j.yonc.2011.07.022
1368,1228121,19312982,10.1007/978-3-642-12541-6,10.1007/978-3-662-56707-4
1429,1245397,20833870,10.30927/ijpf.463825,10.4324/9781315718729-33
1458,1316089,23148307,10.3897/pharmacia.71.e113854,10.3897/pharmacia.71.e113854.figure8
1471,1193330,17542013,10.1155/2011/250763,10.1016/j.amc.2014.06.097
1610,1211463,19124679,10.1037/0021-843x.103.1.44,10.1037//0021-843x.103.1.44
1713,1231679,19336892,10.4135/9781452229645.n18,10.4135/9781452229645
1902,1177039,16737699,10.1016/j.jclinepi.2007.11.008,10.1007/s10049-008-1057-1
1983,1197679,19512302,10.1093/ageing/afn019,10.1093/ageing/afn274
2089,1368603,25874397,10.1007/978-3-319-23162-4_2,10.1007/978-3-319-23162-4
2771,1323113,24789313,10.1037/0022-3514.51.6.1173,10.1037//0022-3514.51.6.1173
2963,1219571,19130477,10.1057/9780333983584,10.5860/choice.37-0431
3038,1248954,20024604,10.3366/edinburgh/9780748622276.003.0001,10.1515/9780748643271-003
3051,1183659,17052814,10.1016/s0022-5347(01)65281-9,10.1097/00005392-199701000-00018
3187,1185850,17142700,10.33400/kuje.843306,10.1016/j.tourman.2020.104080
3208,1279141,21362199,10.4314/sajas.v43i3,10.4314/sajas.v43i3.
3296,1389218,26073400,10.2308/aud.2002.21.1.147,10.1108/978-1-78743-413-420181008
3330,1193342,17543998,10.1097/jto.0b013e318206a221,10.1097/jto.0b013e318224643b
3355,1298683,23253933,10.19126/suje.646463,10.22139/jobs.1059519
3515,1160507,17213301,10.1097/01.blo.0000136651.21191.9f,10.1097/01
3944,1329786,23798617,10.1210/jcem.79.5.7962324,10.1210/jc.79.5.1322
4022,1347314,24499928,10.1007/s11250-022-03316-2,10.21203/rs.3.rs-1562772/v2
4054,1175079,16663047,10.1161/circulationaha.120.047270,10.1161/circulationaha.119.043785
4066,1219251,21590470,10.1039/9781847551986-00069,10.1039/9781847551986
4323,1177296,16745180,10.23812/20-1-e,10.23812/conti-e
4379,1277042,21259497,10.7551/mitpress/6444.001.0001,10.7551/mitpress/6444.003.0013
4381,1277042,21259514,10.1016/s1574-0048(99)01004-6,10.3386/w6528
4421,1389822,26097883,10.1093/ejil/10.1.144,10.1093/acprof:oso/9780199232918.003.0025
4622,1247827,20073186,10.1145/800265.810742,10.1177/003754976400200514
4846,1340321,24208705,10.1257/002205102320161320,10.1257/jel.40.2.402
4960,1370836,25461546,10.4324/9780203927229,10.4324/9781351202558-38
5049,1279618,21391732,10.1213/01.ane.0000290294.64090.f3,10.1097/01.aoa.0000326425.48701.14
5465,1365734,25271007,10.3113/fai-2009-0167,10.3113/fai.2009.0167
5687,1306843,22632882,10.1038/s41586-024-08464-z,10.1038/s41586-024-08080-x
5722,1329079,23766236,10.29228/asrjournal.68734,10.29228/sssj.68506
5751,1255982,20337919,10.1057/9780230604339,10.1057/9780230604339_1
5861,1341423,24256464,10.1111/j.1430-9134.2001.00301.x,10.61524/fuuiibfdergi.1459134
5992,1281578,21504852,10.1097/lgt.0000000000000529,10.1097/lgt.0000000000000528
5996,1226432,20922353,10.1080/03612759.1995.9949179,10.1515/9780295800646
6063,1186282,17163593,10.1093/ndt/11.8.1564,10.1093/oxfordjournals.ndt.a027614
6281,1273567,21104450,10.1017/cbo9780511812033,10.1017/cbo9780511812033.005
6329,1214134,18883595,10.1177/s0038038599000206,10.1017/s0038038599000206
6338,1323783,23548224,10.1093/mind/lix.236.433,10.7551/mitpress/4626.003.0002
6358,1258697,20511055,10.1109/msp.2011.46,10.1109/msp.2011.132
6360,1256066,20341225,10.1037/0021-9010.85.2.314,10.1037//0021-9010.85.2.314
6379,1305277,22880447,10.1037//0893-3200.14.4.671,10.1037/0893-3200.14.4.671
6479,1177740,16764066,10.1056/nejmoa1404710,10.1016/j.jvs.2015.06.197
6752,1295124,22135857,10.1201/9780203756799-1,10.1201/9780203756799
6843,1241809,19747285,10.1029/1996jb900351,10.1029/1999jb900351
6850,1203861,18043494,10.1016/s0140-6736(20)30566-3,10.3410/f.737524760.793572688
6989,1301162,23013321,10.1093/mind/lix.236.433,10.7551/mitpress/4626.003.0002
7052,1176090,16864043,10.4324/9780203806913-48,10.4324/9780203806913.ch35
7231,1270264,20939258,10.1016/s0006-8993(00)02950-4,10.1016/b978-0-12-398270-4.00034-3
7345,1224700,18956291,10.4324/9780203891520,10.4324/9780429465543
7439,1365007,25235440,10.1080/01621459.1979.10482531,10.2307/2286348
7496,1324497,23575764,10.1021/ja00905a001,10.1126/science.151.3707.172
7695,1283128,21592748,10.4159/9780674369542,10.18800/economia.201401.010
7697,1367957,25358370,10.1093/heapro/daaa033,10.1037/t86791-000
7701,1247518,19967713,10.1002/ab.1021.abs,10.1002/ab.1021
7712,1313682,24736141,10.1111/1556-4029.12730,10.1201/b18209-20
8011,1257590,20403533,10.1109/irec.2014.6826989,10.24084/repqj12.439
8083,1360807,25063783,10.1016/j.recesp.2020.07.023,10.1016/j.rec.2020.07.009
8201,1223927,18919352,10.1525/9780520340985-016,10.2307/jj.2711647.17
8213,1342859,24323143,10.3109/00016489609137954x,10.3109/00016489609124338
8384,1156953,16409640,10.1346/ccmn.2000.0480511,10.1346/ccmn.2000.0480108
8417,1257062,20380412,10.1016/j.rx.2016.04.008,10.1016/j.rxeng.2016.07.005
8587,1168584,16383847,10.46658/jbirm-17-06,10.46658/jbimes-20-08
8649,1364898,25230737,10.1016/j.stueduc.2024.101385,10.1111/j.1745-3984.2011.00159.x
8735,1210653,18405673,10.2319/061008-300.1,10.2319/0003-3219(2009)079[0564:sbsobr]2.0.co;2
9272,1306848,22632975,10.3390/medicina59122128,10.20944/preprints202311.1323.v1
9325,1347947,25208205,10.3171/jns.1997.86.6.0975,10.3171/foc.1997.2.4.1
9339,1363838,25183958,10.1097/00000446-198412000-00027,10.1097/00000446-198412000-00025
9345,1212318,18742332,10.5564/mjas.v19i3.736,10.19041/apstract/2017/1-2/12
9448,1304030,22535449,10.1093/oso/9780192886941.001.0001,10.1093/oso/9780192886941.003.0007
9523,1353252,24736973,10.1109/imcec.2018.8469343,10.1109/imcec42124.2018
9569,1185045,17189656,10.1080/01621459.1979.10482531,10.2307/2286348
9809,1287098,21917912,10.1017/9789048505173,10.1515/9789048505173
9816,1323834,23550975,10.1504/gber.2018.088482,10.1504/gber.2018.10009031
9984,1267581,20810100,10.26468/trakyasobed.545391,10.15405/epsbs.2019.08.03.21
